,
,
9BB6NFEcjBCtnNLFko2FqVQBq8HHM13kCyYcdQbgpump,Fartcoin
4k3Dyjzvzp8eMZWUXbBCjEvwSkkk59S5iCNLY3QrkX6R,Ray
MEW1gQWJ3nEXg2qgERiKu7FAFj79PHvQVREQUzScPP5,MEW
Ey59PH7Z4BFU4HjyKnyMdWt5GGN76KazTAwQihoUXRnk,LAUNCHCOIN
C7heQqfNzdMbUFQwcHkL9FvdwsFsDRBnfwZDDyWYCLTZ,$COLLAT
DKu9kykSfbN5LBfFXtNNDPaX35o4Fv6vJ9FKk7pZpump,AVA
EKpQGSJtjMFqKZ9KQanSqYXRcF8fBopzLHYxdM65zcjm,$WIF
7GCihgDB8fe6KNjn2MYtkzZcRjQy3t9GHdC8uHYmW2hr,POPCAT
2qEHjDLDLbuBgRYvsxhc5D6uDWAivNFZGan56P1tpump,Pnut
ED5nyyWEzpPPiWimP8vYm7sD7TD3LAt3Q3gRTWHzPJBY,MOODENG
63LfDmNb3MQ8mw9MtZ2To9bEA2M71kZUUGq5tiJxcqj9,GIGA
ukHH6c7mMyiWCf1b9pnWe25TSpkDDt3H5pQZgZ74J82,BOME
5z3EqYQo9HiCEs3R84RCDMu2n7anpDMxRhdK8PSWmrRC,PONKE
A8C3xuqscfmyLrte3VmTqrAq8kgMASius9AFNANwpump,FWOG
eL5fUxj2J4CiQsmW85k5FG9DvuQjjUoBHoQBi2Kpump,UFD
FtUEW73K6vEYHfbkfpdBZfWpxgQar2HipGdbutEhpump,titcoin
8x5VqbHA8D7NkD52uNuS5nnt3PwA8pLD34ymskeSo2Wn,ZEREBRO
HNg5PYJmtqcmzXrv6S9zP1CDKk5BgDuyFBxbvNApump,ALCH
CzLSujWBLFsSjncfkh59rUFqvafWcY5tzedWJSuypump,GOAT
6ogzHhzdrQr9Pgv6hZ2MNze7UrzBMAFyBBWUYp1Fhitx,RETARDIO
5mbK36SZ7J19An8jFochhQS4of8g6BwUjbeCSxBSoWdp,$michi
5SVG3T9CNQsm2kEwzbRq6hASqh1oGfjqTtLXYUibpump,SIGMA
7XJiwLDrjzxDYdZipnJXzpr1iDTmK55XixSFAa7JgNEL,MLG